artifact_id,museum_no,designation,publications_key,publications_type,publications_exact_ref,publications_comment,provenience,period,dates,collections,genres,materials,artifact_type,height,thickness,width,weight,elevation,excavation_no,findspot_square,findspot_comments,stratigraphic_level,surface_preservation,condition_description,artifact_preservation,languages,written_in,archive,composite_no,composites,seal_no,seals,accession_no,cdli_comments,artifact_comments,provenience_comments,is_provenience_uncertain,period_comments,is_period_uncertain,artifact_type_comments,is_artifact_type_uncertain,seal_information,is_school_text,alternative_years,external_resources,external_resources_key,genres_comment,genres_uncertain,languages_uncertain,materials_aspect,materials_color,materials_uncertain,retired,has_fragments,is_artifact_fake,redirect_artifact_id,retired_comments
8014,"Sb 02749","MDP 06, 214",Scheil1905MDP6,primary,214,,"Susa (mod. Shush)","Proto-Elamite (ca. 3100-2900 BC)",,"Louvre Museum, Paris, France",Administrative,clay,tablet,,,,,,,,,,,,,undetermined,,,,,,,,,,,0,,0,,0,,0,,,," ",0,0,,,0,0,0,0,,
8041,"Sb 15097","MDP 06, 244",Scheil1905MDP6,primary,244,,"Susa (mod. Shush)","Proto-Elamite (ca. 3100-2900 BC)",,"Louvre Museum, Paris, France",Administrative,clay,tablet,125.0,20.0,90.0,,,,,,,Fair,,50%,undetermined,,,,,,,,,,,0,,0,,0,,0,,,," ",0,0,,,0,0,0,0,,
8059,"Sb 15113","MDP 06, 266",Scheil1905MDP6,primary,266,,"Susa (mod. Shush)","Proto-Elamite (ca. 3100-2900 BC)",,"Louvre Museum, Paris, France",Administrative,clay,tablet,40.0,17.0,56.0,,,,,,,Good,,fragment,undetermined,,,,,,,,,,,0,,0,,0,,0,,,," ",0,0,,,0,0,0,0,,
8068,"Sb 15121","MDP 06, 275",Scheil1905MDP6,primary,275,,"Susa (mod. Shush)","Proto-Elamite (ca. 3100-2900 BC)",,"Louvre Museum, Paris, France",Administrative,clay,tablet,58.0,18.0,48.0,,,,,,,Fair,,fragment,undetermined,,,,,,,,,,,0,,0,,0,,0,,,," ",0,0,,,0,0,0,0,,
8079,"Sb 15131","MDP 06, 287",Scheil1905MDP6,primary,287,,"Susa (mod. Shush)","Proto-Elamite (ca. 3100-2900 BC)",,"Louvre Museum, Paris, France",Administrative,clay,tablet,58.0,15.0,46.0,,,,,,,Fair,,complete,undetermined,,,,,,,,,,,0,,0,,0,,0,,,," ",0,0,,,0,0,0,0,,
8106,"Sb 15154","MDP 06, 317",Scheil1905MDP6,primary,317,,"Susa (mod. Shush)","Proto-Elamite (ca. 3100-2900 BC)",,"Louvre Museum, Paris, France",Administrative,clay,tablet,78.0,19.0,63.0,,,,,,,Fair,,75%,undetermined,,,,,,,,,,,0,,0,,0,,0,,,," ",0,0,,,0,0,0,0,,
8119,unknown,"MDP 06, 330",Scheil1905MDP6,primary,330,,"Susa (mod. Shush)","Proto-Elamite (ca. 3100-2900 BC)",,,Administrative,clay,tablet,,,,,,,,,,,,,undetermined,,,,,,,,,,,0,,0,,0,,0,,,," ",0,0,,,0,0,0,0,,
8125,"Sb 15172","MDP 06, 343",Scheil1905MDP6,primary,343,,"Susa (mod. Shush)","Proto-Elamite (ca. 3100-2900 BC)",,"Louvre Museum, Paris, France",Administrative,clay,tablet,49.0,17.0,81.0,,,,,,,Good,,fragment,undetermined,,,,,,,,,,,0,,0,,0,,0,,,," ",0,0,,,0,0,0,0,,
8139,"Sb 15183","MDP 06, 357",Scheil1905MDP6,primary,357,,"Susa (mod. Shush)","Proto-Elamite (ca. 3100-2900 BC)",,"Louvre Museum, Paris, France",Administrative,clay,tablet,72.0,17.0,50.0,,,,,,,Fair,,complete,undetermined,,,,,,,,,,,0,,0,,0,,0,,,," ",0,0,,,0,0,0,0,,
8142,"Sb 06393","MDP 06, 360",Scheil1905MDP6,primary,360,,"Susa (mod. Shush)","Proto-Elamite (ca. 3100-2900 BC)",,"Louvre Museum, Paris, France",Administrative,clay,tablet,70.0,19.0,59.0,,,,,,,Excellent,,complete,undetermined,,,,,,,,,,,0,,0,,0,,0,,,," ",0,0,,,0,0,0,0,,
8152,"Sb 15194","MDP 06, 370",Scheil1905MDP6,primary,370,,"Susa (mod. Shush)","Proto-Elamite (ca. 3100-2900 BC)",,"Louvre Museum, Paris, France",Administrative,clay,tablet,92.0,27.0,62.0,,,,,,,Good,,fragment,undetermined,,,,,,,,,,,0,,0,,0,,0,,,," ",0,0,,,0,0,0,0,,
8156,"Sb 15198","MDP 06, 375",Scheil1905MDP6,primary,375,,"Susa (mod. Shush)","Proto-Elamite (ca. 3100-2900 BC)",,"Louvre Museum, Paris, France",Administrative,clay,tablet,69.0,16.0,50.0,,,,,,,Good,,complete,undetermined,,,,,,,,,,,0,,0,,0,,0,,,," ",0,0,,,0,0,0,0,,
8173,"Sb 15215","MDP 06, 393",Scheil1905MDP6,primary,393,,"Susa (mod. Shush)","Proto-Elamite (ca. 3100-2900 BC)",,"Louvre Museum, Paris, France",Administrative,clay,tablet,58.0,15.0,47.0,,,,,,,Fair,,75%,undetermined,,,,,,,,,,,0,,0,,0,,0,,,," ",0,0,,,0,0,0,0,,
8180,unknown,"MDP 06, 400",Scheil1905MDP6,primary,400,,"Susa (mod. Shush)","Proto-Elamite (ca. 3100-2900 BC)",,,Administrative,clay,tablet,,,,,,,,,,,,,undetermined,,,,,,,,,,,0,,0,,0,,0,,,," ",0,0,,,0,0,0,0,,
8183,"Sb 15225","MDP 06, 4995",Scheil1905MDP6,primary,4995,,"Susa (mod. Shush)","Proto-Elamite (ca. 3100-2900 BC)",,"Louvre Museum, Paris, France",Administrative,clay,tablet,69.0,16.0,40.0,,,,,,,Fair,,75%,undetermined,,,,,,,,,,,0,,0,,0,,0,,,," ",0,0,,,0,0,0,0,,
8194,"Sb 15238","MDP 06, 5009",Scheil1905MDP6,primary,5009,,"Susa (mod. Shush)","Proto-Elamite (ca. 3100-2900 BC)",,"Louvre Museum, Paris, France",Administrative,clay,tablet,45.0,18.0,64.0,,,,,,,Good,,fragment,undetermined,,,,,,,,,,,0,,0,,0,,0,,,," ",0,0,,,0,0,0,0,,
8203,"Sb 22207","MDP 17, 005",Scheil1923MDP17,primary,5,,"Susa (mod. Shush)","Proto-Elamite (ca. 3100-2900 BC)",,"Louvre Museum, Paris, France",Administrative,clay,tablet,60.0,16.0,46.0,,,,,,,Good,,75%,undetermined,,,,,,,,,,,0,,0,,0,,0,,,," ",0,0,,,0,0,0,0,,
8206,"Sb 22210","MDP 17, 008",Scheil1923MDP17,primary,8,,"Susa (mod. Shush)","Proto-Elamite (ca. 3100-2900 BC)",,"Louvre Museum, Paris, France",Administrative,clay,tablet,53.0,16.0,44.0,,,,,,,Good,,complete,undetermined,,,,,,,,,,,0,,0,,0,,0,,,," ",0,0,,,0,0,0,0,,
8215,"Sb 22215","MDP 17, 017",Scheil1923MDP17,primary,17,,"Susa (mod. Shush)","Proto-Elamite (ca. 3100-2900 BC)",,"Louvre Museum, Paris, France",Administrative,clay,tablet,76.0,19.0,50.0,,,,,,,Good,,complete,undetermined,,,,,,,,,,,0,,0,,0,,0,,,," ",0,0,,,0,0,0,0,,
8224,"Sb 06333","MDP 17, 026",Scheil1923MDP17,primary,26,,"Susa (mod. Shush)","Proto-Elamite (ca. 3100-2900 BC)",,"Louvre Museum, Paris, France",Administrative,clay,tablet,68.0,15.0,43.0,,,,,,,Fair,,complete,undetermined,,,,,,,,,,,0,,0,,0,,0,,,," ",0,0,,,0,0,0,0,,
8234,"Sb 22232","MDP 17, 036",Scheil1923MDP17,primary,36,,"Susa (mod. Shush)","Proto-Elamite (ca. 3100-2900 BC)",,"Louvre Museum, Paris, France",Administrative,clay,tablet,89.0,17.0,58.0,,,,,,,Fair,,75%,undetermined,,,,,,,,,,,0,,0,,0,,0,,,," ",0,0,,,0,0,0,0,,
8239,"Sb 22236","MDP 17, 041",Scheil1923MDP17,primary,41,,"Susa (mod. Shush)","Proto-Elamite (ca. 3100-2900 BC)",,"Louvre Museum, Paris, France",Administrative,clay,tablet,88.0,21.0,61.0,,,,,,,Fair,,complete,undetermined,,,,,,,,,,,0,,0,,0,,0,,,," ",0,0,,,0,0,0,0,,
8242,"Sb 04842","MDP 17, 044",Scheil1923MDP17,primary,44,,"Susa (mod. Shush)","Proto-Elamite (ca. 3100-2900 BC)",,"Louvre Museum, Paris, France",Administrative,clay,tablet,,,,,,,,,,,,,undetermined,,,,,,,,,,"Fouilles J. de Morgan (1907)",0,,0,,0,,0,,,," ",0,0,,,0,0,0,0,,
8245,"Sb 22240","MDP 17, 047",Scheil1923MDP17,primary,47,,"Susa (mod. Shush)","Proto-Elamite (ca. 3100-2900 BC)",,"Louvre Museum, Paris, France",Administrative,clay,tablet,53.0,13.0,37.0,,,,,,,Good,,75%,undetermined,,,,,,,,,,,0,,0,,0,,0,,,," ",0,0,,,0,0,0,0,,
8246,"Sb 22241","MDP 17, 048",Scheil1923MDP17,primary,48,,"Susa (mod. Shush)","Proto-Elamite (ca. 3100-2900 BC)",,"Louvre Museum, Paris, France",Administrative,clay,tablet,82.0,18.0,55.0,,,,,,,Good,,75%,undetermined,,,,,,,,,,,0,,0,,0,,0,,,," ",0,0,,,0,0,0,0,,
8247,"Sb 22242","MDP 17, 049",Scheil1923MDP17,primary,49,,"Susa (mod. Shush)","Proto-Elamite (ca. 3100-2900 BC)",,"Louvre Museum, Paris, France",Administrative,clay,tablet,59.0,19.0,49.0,,,,,,,Fair,,75%,undetermined,,,,,,,,,,,0,,0,,0,,0,,,," ",0,0,,,0,0,0,0,,
8260,"Sb 22254","MDP 17, 062",Scheil1923MDP17,primary,62,,"Susa (mod. Shush)","Proto-Elamite (ca. 3100-2900 BC)",,"Louvre Museum, Paris, France",Administrative,clay,tablet,71.0,15.0,35.0,,,,,,,Good,,50%,undetermined,,,,,,,,,,,0,,0,,0,,0,,,," ",0,0,,,0,0,0,0,,
8264,"Sb 22258","MDP 17, 066",Scheil1923MDP17,primary,66,,"Susa (mod. Shush)","Proto-Elamite (ca. 3100-2900 BC)",,"Louvre Museum, Paris, France",Administrative,clay,tablet,31.0,11.0,27.0,,,,,,,Good,,complete,undetermined,,,,,,,,,,,0,,0,,0,,0,,,," ",0,0,,,0,0,0,0,,
8273,"Sb 22267","MDP 17, 075",Scheil1923MDP17,primary,75,,"Susa (mod. Shush)","Proto-Elamite (ca. 3100-2900 BC)",,"Louvre Museum, Paris, France",Administrative,clay,tablet,52.0,28.0,52.0,,,,,,,Good,,50%,undetermined,,,,,,,,,,,0,,0,,0,,0,,,," ",0,0,,,0,0,0,0,,
8277,"Sb 22271","MDP 17, 079",Scheil1923MDP17,primary,79,,"Susa (mod. Shush)","Proto-Elamite (ca. 3100-2900 BC)",,"Louvre Museum, Paris, France",Administrative,clay,tablet,110.0,26.0,74.0,,,,,,,Fair,,50%,undetermined,,,,,,,,,,,0,,0,,0,,0,,,," ",0,0,,,0,0,0,0,,
8279,"Sb 22273 + Sb 22502","MDP 17, 081 + 347",Scheil1923MDP17,primary,"81 + 347",,"Susa (mod. Shush)","Proto-Elamite (ca. 3100-2900 BC)",,"Louvre Museum, Paris, France",Administrative,clay,tablet,106.0,19.0,67.0,,,,,,,Good,,complete,undetermined,,,,,,,,"P008279 leadP008279 lead",,,0,,0,,0,,0,,,," ",0,0,,,0,0,1,0,,
8281,"Sb 22274","MDP 17, 083",Scheil1923MDP17,primary,83,,"Susa (mod. Shush)","Proto-Elamite (ca. 3100-2900 BC)",,"Louvre Museum, Paris, France",Administrative,clay,tablet,65.0,20.0,51.0,,,,,,,Fair,,75%,undetermined,,,,,,,,,,,0,,0,,0,,0,,,," ",0,0,,,0,0,0,0,,
8285,"Sb 22278","MDP 17, 087",Scheil1923MDP17,primary,87,,"Susa (mod. Shush)","Proto-Elamite (ca. 3100-2900 BC)",,"Louvre Museum, Paris, France",Administrative,clay,tablet,56.0,17.0,49.0,,,,,,,Good,,50%,undetermined,,,,,,,,,,,0,,0,,0,,0,,,," ",0,0,,,0,0,0,0,,
8293,"Sb 22285","MDP 17, 095",Scheil1923MDP17,primary,95,,"Susa (mod. Shush)","Proto-Elamite (ca. 3100-2900 BC)",,"Louvre Museum, Paris, France",Administrative,clay,tablet,78.0,17.0,50.0,,,,,,,Good,,75%,undetermined,,,,,,,,,,,0,,0,,0,,0,,,," ",0,0,,,0,0,0,0,,
8296,"Sb 22287","MDP 17, 098",Scheil1923MDP17,primary,98,,"Susa (mod. Shush)","Proto-Elamite (ca. 3100-2900 BC)",,"Louvre Museum, Paris, France",Administrative,clay,tablet,56.0,19.0,5.0,,,,,,,Fair,,fragment,undetermined,,,,,,,,,,,0,,0,,0,,0,,,," ",0,0,,,0,0,0,0,,
8299,"Sb 22290","MDP 17, 101",Scheil1923MDP17,primary,101,,"Susa (mod. Shush)","Proto-Elamite (ca. 3100-2900 BC)",,"Louvre Museum, Paris, France",Administrative,clay,tablet,47.0,14.0,28.0,,,,,,,Good,,50%,undetermined,,,,,,,,,,,0,,0,,0,,0,,,," ",0,0,,,0,0,0,0,,
8302,"Sb 22293","MDP 17, 104",Scheil1923MDP17,primary,104,,"Susa (mod. Shush)","Proto-Elamite (ca. 3100-2900 BC)",,"Louvre Museum, Paris, France",Administrative,clay,tablet,35.0,18.0,43.0,,,,,,,Fair,,50%,undetermined,,,,,,,,,,,0,,0,,0,,0,,,," ",0,0,,,0,0,0,0,,
8305,"Sb 22294","MDP 17, 107",Scheil1923MDP17,primary,107,,"Susa (mod. Shush)","Proto-Elamite (ca. 3100-2900 BC)",,"Louvre Museum, Paris, France",Administrative,clay,tablet,75.0,17.0,68.0,,,,,,,Fair,,fragment,undetermined,,,,,,,,,,,0,,0,,0,,0,,,," ",0,0,,,0,0,0,0,,
8307,unknown,"MDP 17, 109",Scheil1923MDP17,primary,109,,"Susa (mod. Shush)","Proto-Elamite (ca. 3100-2900 BC)",,,Administrative,clay,tablet,,,,,,,,,,,,,undetermined,,,,,,,,,,,0,,0,,0,,0,,,," ",0,0,,,0,0,0,0,,
8317,"Sb 22301","MDP 17, 119",Scheil1923MDP17,primary,119,,"Susa (mod. Shush)","Proto-Elamite (ca. 3100-2900 BC)",,"Louvre Museum, Paris, France",Administrative,clay,tablet,60.0,18.0,81.0,,,,,,,Good,,fragment,undetermined,,,,,,,,,,,0,,0,,0,,0,,,," ",0,0,,,0,0,0,0,,
8320,unknown,"MDP 17, 122",Scheil1923MDP17,primary,122,,"Susa (mod. Shush)","Proto-Elamite (ca. 3100-2900 BC)",,,Administrative,clay,tablet,,,,,,,,,,,,,undetermined,,,,,,,,,,,0,,0,,0,,0,,,," ",0,0,,,0,0,0,0,,
8322,"Sb 21887","MDP 17, 124",Scheil1923MDP17,primary,124,,"Susa (mod. Shush)","Proto-Elamite (ca. 3100-2900 BC)",,"Louvre Museum, Paris, France",Administrative,clay,tablet,175.0,26.0,118.0,,,,,,,Good,,75%,undetermined,,,,,,,,,,,0,,0,,0,,0,,,," ",0,0,,,0,0,0,0,,
8323,"Sb 22305","MDP 17, 125",Scheil1923MDP17,primary,125,,"Susa (mod. Shush)","Proto-Elamite (ca. 3100-2900 BC)",,"Louvre Museum, Paris, France",Administrative,clay,tablet,67.0,17.0,48.0,,,,,,,Good,,75%,undetermined,,,,,,,,,,,0,,0,,0,,0,,,," ",0,0,,,0,0,0,0,,
8343,"Sb 22323","MDP 17, 145",Scheil1923MDP17,primary,145,,"Susa (mod. Shush)","Proto-Elamite (ca. 3100-2900 BC)",,"Louvre Museum, Paris, France",Administrative,clay,tablet,56.0,17.0,44.0,,,,,,,Good,,25%,undetermined,,,,,,,,,,,0,,0,,0,,0,,,," ",0,0,,,0,0,0,0,,
8344,"Sb 22324","MDP 17, 146",Scheil1923MDP17,primary,146,,"Susa (mod. Shush)","Proto-Elamite (ca. 3100-2900 BC)",,"Louvre Museum, Paris, France",Administrative,clay,tablet,50.0,18.0,56.0,,,,,,,Good,,25%,undetermined,,,,,,,,,,,0,,0,,0,,0,,,," ",0,0,,,0,0,0,0,,
8347,"Sb 22327","MDP 17, 149",Scheil1923MDP17,primary,149,,"Susa (mod. Shush)","Proto-Elamite (ca. 3100-2900 BC)",,"Louvre Museum, Paris, France",Administrative,clay,tablet,,,,,,,,,,,,,undetermined,,,,,,,,,,,0,,0,,0,,0,,,," ",0,0,,,0,0,0,0,,
8349,"Sb 22329","MDP 17, 151","Dahl2005SMEA47; Scheil1923MDP17","history; primary","118 F; 151","; ","Susa (mod. Shush)","Proto-Elamite (ca. 3100-2900 BC)",,"Louvre Museum, Paris, France",Administrative,clay,tablet,65.0,18.0,52.0,,,,,,,Fair,,75%,undetermined,,,,,,,,,,,0,,0,,0,,0,,,," ",0,0,,,0,0,0,0,,
8357,"Sb 22336","MDP 17, 159",Scheil1923MDP17,primary,159,,"Susa (mod. Shush)","Proto-Elamite (ca. 3100-2900 BC)",,"Louvre Museum, Paris, France",Administrative,clay,tablet,28.0,15.0,42.0,,,,,,,Good,,fragment,undetermined,,,,,,,,,,,0,,0,,0,,0,,,," ",0,0,,,0,0,0,0,,
8387,"Sb 22360 + Sb 22491","MDP 17, 189 + 336",Scheil1923MDP17,primary,"189 + 336",,"Susa (mod. Shush)","Proto-Elamite (ca. 3100-2900 BC)",,"Louvre Museum, Paris, France",Administrative,clay,tablet,50.0,16.0,53.0,,,,,,,Good,,fragment,undetermined,,,,,,,,"P008387 leadP008387 lead",,,0,,0,,0,,0,,,," ",0,0,,,0,0,1,0,,
8441,"Sb 22407","MDP 17, 243",Scheil1923MDP17,primary,243,,"Susa (mod. Shush)","Proto-Elamite (ca. 3100-2900 BC)",,"Louvre Museum, Paris, France",Administrative,clay,tablet,72.0,17.0,50.0,,,,,,,Fair,,75%,undetermined,,,,,,,,,,,0,,0,,0,,0,,,," ",0,0,,,0,0,0,0,,
8443,"Sb 22408","MDP 17, 245",Scheil1923MDP17,primary,245,,"Susa (mod. Shush)","Proto-Elamite (ca. 3100-2900 BC)",,"Louvre Museum, Paris, France",Administrative,clay,tablet,44.0,20.0,40.0,,,,,,,Good,,fragment,undetermined,,,,,,,,,,,0,,0,,0,,0,,,," ",0,0,,,0,0,0,0,,
8486,"Sb 22448","MDP 17, 288",Scheil1923MDP17,primary,288,,"Susa (mod. Shush)","Proto-Elamite (ca. 3100-2900 BC)",,"Louvre Museum, Paris, France",Administrative,clay,tablet,52.0,15.0,36.0,,,,,,,Good,,75%,undetermined,,,,,,,,,,,0,,0,,0,,0,,,," ",0,0,,,0,0,0,0,,
8510,"Sb 22469","MDP 17, 312",Scheil1923MDP17,primary,312,,"Susa (mod. Shush)","Proto-Elamite (ca. 3100-2900 BC)",,"Louvre Museum, Paris, France",Administrative,clay,tablet,30.0,17.0,37.0,,,,,,,Good,,fragment,undetermined,,,,,,,,,,,0,,0,,0,,0,,,," ",0,0,,,0,0,0,0,,
8533,"Sb 22490","MDP 17, 335",Scheil1923MDP17,primary,335,,"Susa (mod. Shush)","Proto-Elamite (ca. 3100-2900 BC)",,"Louvre Museum, Paris, France",Administrative,clay,tablet,37.0,16.0,47.0,,,,,,,Poor,,25%,undetermined,,,,,,,,,,,0,,0,,0,,0,,,," ",0,0,,,0,0,0,0,,
8536,"Sb 22493","MDP 17, 338",Scheil1923MDP17,primary,338,,"Susa (mod. Shush)","Proto-Elamite (ca. 3100-2900 BC)",,"Louvre Museum, Paris, France",Administrative,clay,tablet,44.0,25.0,34.0,,,,,,,Fair,,fragment,undetermined,,,,,,,,,,,0,,0,,0,,0,,,," ",0,0,,,0,0,0,0,,
8537,"Sb 22494","MDP 17, 339",Scheil1923MDP17,primary,339,,"Susa (mod. Shush)","Proto-Elamite (ca. 3100-2900 BC)",,"Louvre Museum, Paris, France",Administrative,clay,tablet,39.0,17.0,49.0,,,,,,,,,,undetermined,,,,,,,,,,,0,,0,,0,,0,,,," ",0,0,,,0,0,0,0,,
8543,"Sb 22500","MDP 17, 345",Scheil1923MDP17,primary,345,,"Susa (mod. Shush)","Proto-Elamite (ca. 3100-2900 BC)",,"Louvre Museum, Paris, France",Administrative,clay,tablet,32.0,18.0,41.0,,,,,,,Good,,fragment,undetermined,,,,,,,,,,,0,,0,,0,,0,,,," ",0,0,,,0,0,0,0,,
8604,"Sb 22560","MDP 17, 406",Scheil1923MDP17,primary,406,,"Susa (mod. Shush)","Proto-Elamite (ca. 3100-2900 BC)",,"Louvre Museum, Paris, France",Administrative,clay,tablet,42.0,16.0,31.0,,,,,,,Fair,,75%,undetermined,,,,,,,,,,,0,,0,,0,,0,,,," ",0,0,,,0,0,0,0,,
8625,"Sb 06366","MDP 17, 427",Scheil1923MDP17,primary,427,,"Susa (mod. Shush)","Proto-Elamite (ca. 3100-2900 BC)",,"Louvre Museum, Paris, France",Administrative,clay,tablet,51.0,21.0,44.0,,,,,,,Good,,50%,undetermined,,,,,,,,,,,0,,0,,0,,0,,,," ",0,0,,,0,0,0,0,,
8630,"Sb 22580","MDP 17, 432",Scheil1923MDP17,primary,432,,"Susa (mod. Shush)","Proto-Elamite (ca. 3100-2900 BC)",,"Louvre Museum, Paris, France",Administrative,clay,tablet,65.0,26.0,50.0,,,,,,,Fair,,75%,undetermined,,,,,,,,,,,0,,0,,0,,0,,,," ",0,0,,,0,0,0,0,,
8633,"Sb 22582","MDP 17, 435",Scheil1923MDP17,primary,435,,"Susa (mod. Shush)","Proto-Elamite (ca. 3100-2900 BC)",,"Louvre Museum, Paris, France",Administrative,clay,tablet,54.0,20.0,60.0,,,,,,,Good,,50%,undetermined,,,,,,,,,,,0,,0,,0,,0,,,," ",0,0,,,0,0,0,0,,
8650,"Sb 22596","MDP 17, 452",Scheil1923MDP17,primary,452,,"Susa (mod. Shush)","Proto-Elamite (ca. 3100-2900 BC)",,"Louvre Museum, Paris, France",Administrative,clay,tablet,38.0,16.0,31.0,,,,,,,Fair,,fragment,undetermined,,,,,,,,,,,0,,0,,0,,0,,,," ",0,0,,,0,0,0,0,,
8657,"Sb 22603","MDP 17, 459",Scheil1923MDP17,primary,459,,"Susa (mod. Shush)","Proto-Elamite (ca. 3100-2900 BC)",,"Louvre Museum, Paris, France",Administrative,clay,tablet,32.0,18.0,23.0,,,,,,,Fair,,fragment,undetermined,,,,,,,,,,,0,,0,,0,,0,,,," ",0,0,,,0,0,0,0,,
8664,"Sb 22608","MDP 17, 466",Scheil1923MDP17,primary,466,,"Susa (mod. Shush)","Proto-Elamite (ca. 3100-2900 BC)",,"Louvre Museum, Paris, France",Administrative,clay,tablet,70.0,28.0,58.0,,,,,,,Fair,,fragment,undetermined,,,,,,,,,,,0,,0,,0,,0,,,," ",0,0,,,0,0,0,0,,
8670,"Sb 22614","MDP 17, 472",Scheil1923MDP17,primary,472,,"Susa (mod. Shush)","Proto-Elamite (ca. 3100-2900 BC)",,"Louvre Museum, Paris, France",Administrative,clay,tablet,32.0,32.0,41.0,,,,,,,Good,,fragment,undetermined,,,,,,,,,,,0,,0,,0,,0,,,," ",0,0,,,0,0,0,0,,
8680,"Sb 22622","MDP 17, 482",Scheil1923MDP17,primary,482,,"Susa (mod. Shush)","Proto-Elamite (ca. 3100-2900 BC)",,"Louvre Museum, Paris, France",Administrative,clay,tablet,26.0,18.0,39.0,,,,,,,Good,,fragment,undetermined,,,,,,,,,,,0,,0,,0,,0,,,," ",0,0,,,0,0,0,0,,
8690,"NMI BK 03552","MDP 26, 002",Scheil1935MDP26,primary,2,,"Susa (mod. Shush)","Proto-Elamite (ca. 3100-2900 BC)",,"National Museum, Tehran, Iran",Administrative,clay,tablet,85.0,14.0,76.0,,,,,,,,,,undetermined,,,,,,,,,,,0,,0,,0,,0,,,," ",0,0,,,0,0,0,0,,
8736,"NMI BK 03599","MDP 26, 048",Scheil1935MDP26,primary,48,,"Susa (mod. Shush)","Proto-Elamite (ca. 3100-2900 BC)",,"National Museum, Tehran, Iran",Administrative,clay,tablet,110.0,26.0,87.0,,,,,,,,,,undetermined,,,,,,,,,,,0,,0,,0,,0,,,," ",0,0,,,0,0,0,0,,
8759,"NMI BK 03621","MDP 26, 071",Scheil1935MDP26,primary,71,,"Susa (mod. Shush)","Proto-Elamite (ca. 3100-2900 BC)",,"National Museum, Tehran, Iran",Administrative,clay,tablet,155.0,30.0,117.0,,,,,,,,,,undetermined,,,,,,,,,,,0,,0,,0,,0,,,," ",0,0,,,0,0,0,0,,
8760,"NMI BK 03622","MDP 26, 072",Scheil1935MDP26,primary,72,,"Susa (mod. Shush)","Proto-Elamite (ca. 3100-2900 BC)",,"National Museum, Tehran, Iran",Administrative,clay,tablet,57.0,18.0,42.0,,,,,,,,,,undetermined,,,,,,,,,,,0,,0,,0,,0,,,," ",0,0,,,0,0,0,0,,
8761,"NMI BK 03623","MDP 26, 073",Scheil1935MDP26,primary,73,,"Susa (mod. Shush)","Proto-Elamite (ca. 3100-2900 BC)",,"National Museum, Tehran, Iran",Administrative,clay,tablet,44.0,14.0,29.0,,,,,,,,,,undetermined,,,,,,,,,,,0,,0,,0,,0,,,," ",0,0,,,0,0,0,0,,
8762,"NMI BK 03624","MDP 26, 074",Scheil1935MDP26,primary,74,,"Susa (mod. Shush)","Proto-Elamite (ca. 3100-2900 BC)",,"National Museum, Tehran, Iran",Administrative,clay,tablet,35.0,18.0,22.0,,,,,,,,,,undetermined,,,,,,,,,,,0,,0,,0,,0,,,," ",0,0,,,0,0,0,0,,
8763,"NMI BK 03625","MDP 26, 075",Scheil1935MDP26,primary,75,,"Susa (mod. Shush)","Proto-Elamite (ca. 3100-2900 BC)",,"National Museum, Tehran, Iran",Administrative,clay,tablet,45.0,22.0,22.0,,,,,,,,,,undetermined,,,,,,,,,,,0,,0,,0,,0,,,," ",0,0,,,0,0,0,0,,
8764,"NMI BK 03626","MDP 26, 076",Scheil1935MDP26,primary,76,,"Susa (mod. Shush)","Proto-Elamite (ca. 3100-2900 BC)",,"National Museum, Tehran, Iran",Administrative,clay,tablet,47.0,19.0,32.0,,,,,,,,,,undetermined,,,,,,,,,,,0,,0,,0,,0,,,," ",0,0,,,0,0,0,0,,
8765,"NMI BK 03627","MDP 26, 077",Scheil1935MDP26,primary,77,,"Susa (mod. Shush)","Proto-Elamite (ca. 3100-2900 BC)",,"National Museum, Tehran, Iran",Administrative,clay,tablet,32.0,11.0,55.0,,,,,,,,,,undetermined,,,,,,,,,,,0,,0,,0,,0,,,," ",0,0,,,0,0,0,0,,
8766,"NMI BK 03628","MDP 26, 078",Scheil1935MDP26,primary,78,,"Susa (mod. Shush)","Proto-Elamite (ca. 3100-2900 BC)",,"National Museum, Tehran, Iran",Administrative,clay,tablet,52.0,15.0,39.0,,,,,,,,,,undetermined,,,,,,,,,,,0,,0,,0,,0,,,," ",0,0,,,0,0,0,0,,
8767,"NMI BK 03629","MDP 26, 079",Scheil1935MDP26,primary,79,,"Susa (mod. Shush)","Proto-Elamite (ca. 3100-2900 BC)",,"National Museum, Tehran, Iran",Administrative,clay,tablet,54.0,16.0,38.0,,,,,,,,,,undetermined,,,,,,,,,,,0,,0,,0,,0,,,," ",0,0,,,0,0,0,0,,
8768,"NMI BK 03630","MDP 26, 080",Scheil1935MDP26,primary,80,,"Susa (mod. Shush)","Proto-Elamite (ca. 3100-2900 BC)",,"National Museum, Tehran, Iran",Administrative,clay,tablet,24.0,16.0,27.0,,,,,,,,,,undetermined,,,,,,,,,,,0,,0,,0,,0,,,," ",0,0,,,0,0,0,0,,
8769,"NMI BK 03631","MDP 26, 081",Scheil1935MDP26,primary,81,,"Susa (mod. Shush)","Proto-Elamite (ca. 3100-2900 BC)",,"National Museum, Tehran, Iran",Administrative,clay,tablet,58.0,18.0,41.0,,,,,,,,,,undetermined,,,,,,,,,,,0,,0,,0,,0,,,," ",0,0,,,0,0,0,0,,
8773,"NMI BK 03635","MDP 26, 085",Scheil1935MDP26,primary,85,,"Susa (mod. Shush)","Proto-Elamite (ca. 3100-2900 BC)",,"National Museum, Tehran, Iran",Administrative,clay,tablet,39.0,19.0,46.0,,,,,,,,,,undetermined,,,,,,,,,,,0,,0,,0,,0,,,," ",0,0,,,0,0,0,0,,
8776,"NMI BK 03638","MDP 26, 088",Scheil1935MDP26,primary,88,,"Susa (mod. Shush)","Proto-Elamite (ca. 3100-2900 BC)",,"National Museum, Tehran, Iran",Administrative,clay,tablet,51.0,15.0,33.0,,,,,,,,,,undetermined,,,,,,,,,,,0,,0,,0,,0,,,," ",0,0,,,0,0,0,0,,
8778,"NMI BK 03640","MDP 26, 090",Scheil1935MDP26,primary,90,,"Susa (mod. Shush)","Proto-Elamite (ca. 3100-2900 BC)",,"National Museum, Tehran, Iran",Administrative,clay,tablet,33.0,16.0,30.0,,,,,,,,,,undetermined,,,,,,,,,,,0,,0,,0,,0,,,," ",0,0,,,0,0,0,0,,
8779,"NMI BK 03641","MDP 26, 091",Scheil1935MDP26,primary,91,,"Susa (mod. Shush)","Proto-Elamite (ca. 3100-2900 BC)",,"National Museum, Tehran, Iran",Administrative,clay,tablet,47.0,13.0,31.0,,,,,,,,,,undetermined,,,,,,,,,,,0,,0,,0,,0,,,," ",0,0,,,0,0,0,0,,
8781,"NMI BK 03643","MDP 26, 093",Scheil1935MDP26,primary,93,,"Susa (mod. Shush)","Proto-Elamite (ca. 3100-2900 BC)",,"National Museum, Tehran, Iran",Administrative,clay,tablet,21.0,15.0,38.0,,,,,,,,,,undetermined,,,,,,,,,,,0,,0,,0,,0,,,," ",0,0,,,0,0,0,0,,
8785,"NMI BK 03647","MDP 26, 097",Scheil1935MDP26,primary,97,,"Susa (mod. Shush)","Proto-Elamite (ca. 3100-2900 BC)",,"National Museum, Tehran, Iran",Administrative,clay,tablet,52.0,16.0,60.0,,,,,,,,,,undetermined,,,,,,,,,,,0,,0,,0,,0,,,," ",0,0,,,0,0,0,0,,
8788,"NMI BK 03650","MDP 26, 100",Scheil1935MDP26,primary,100,,"Susa (mod. Shush)","Proto-Elamite (ca. 3100-2900 BC)",,"National Museum, Tehran, Iran",Administrative,clay,tablet,107.0,25.0,56.0,,,,,,,,,,undetermined,,,,,,,,,,,0,,0,,0,,0,,,," ",0,0,,,0,0,0,0,,
8794,"NMI BK 03656","MDP 26, 106",Scheil1935MDP26,primary,106,,"Susa (mod. Shush)","Proto-Elamite (ca. 3100-2900 BC)",,"National Museum, Tehran, Iran",Administrative,clay,tablet,56.0,16.0,38.0,,,,,,,,,,undetermined,,,,,,,,,,,0,,0,,0,,0,,,," ",0,0,,,0,0,0,0,,
8803,"NMI BK 03665","MDP 26, 115",Scheil1935MDP26,primary,115,,"Susa (mod. Shush)","Proto-Elamite (ca. 3100-2900 BC)",,"National Museum, Tehran, Iran",Administrative,clay,tablet,56.0,15.0,38.0,,,,,,,,,,undetermined,,,,,,,,,,,0,,0,,0,,0,,,," ",0,0,,,0,0,0,0,,
8806,"NMI BK 03668","MDP 26, 118",Scheil1935MDP26,primary,118,,"Susa (mod. Shush)","Proto-Elamite (ca. 3100-2900 BC)",,"National Museum, Tehran, Iran",Administrative,clay,tablet,67.0,22.0,52.0,,,,,,,,,,undetermined,,,,,,,,,,,0,,0,,0,,0,,,," ",0,0,,,0,0,0,0,,
8838,"NMI BK 03206","MDP 26, 150",Scheil1935MDP26,primary,150,,"Susa (mod. Shush)","Proto-Elamite (ca. 3100-2900 BC)",,"National Museum, Tehran, Iran",Administrative,clay,tablet,77.0,21.0,49.0,,,,,,,,,,undetermined,,,,,,,,,,,0,,0,,0,,0,,,," ",0,0,,,0,0,0,0,,
8839,"NMI BK 03207","MDP 26, 151",Scheil1935MDP26,primary,151,,"Susa (mod. Shush)","Proto-Elamite (ca. 3100-2900 BC)",,"National Museum, Tehran, Iran",Administrative,clay,tablet,68.0,19.0,41.0,,,,,,,,,,undetermined,,,,,,,,,,,0,,0,,0,,0,,,," ",0,0,,,0,0,0,0,,
8844,"NMI BK 03212","MDP 26, 156",Scheil1935MDP26,primary,156,,"Susa (mod. Shush)","Proto-Elamite (ca. 3100-2900 BC)",,"National Museum, Tehran, Iran",Administrative,clay,tablet,88.0,18.0,60.0,,,,,,,,,,undetermined,,,,,,,,,,,0,,0,,0,,0,,,," ",0,0,,,0,0,0,0,,
8851,"NMI BK 03219","MDP 26, 163",Scheil1935MDP26,primary,163,,"Susa (mod. Shush)","Proto-Elamite (ca. 3100-2900 BC)",,"National Museum, Tehran, Iran",Administrative,clay,tablet,55.0,16.0,37.0,,,,,,,,,,undetermined,,,,,,,,,,,0,,0,,0,,0,,,," ",0,0,,,0,0,0,0,,
8876,"NMI BK 03244","MDP 26, 188",Scheil1935MDP26,primary,188,,"Susa (mod. Shush)","Proto-Elamite (ca. 3100-2900 BC)",,"National Museum, Tehran, Iran",Administrative,clay,tablet,50.0,14.0,38.0,,,,,,,,,,undetermined,,,,,,,,,,,0,,0,,0,,0,,,," ",0,0,,,0,0,0,0,,
8881,"NMI BK 03249","MDP 26, 193",Scheil1935MDP26,primary,193,,"Susa (mod. Shush)","Proto-Elamite (ca. 3100-2900 BC)",,"National Museum, Tehran, Iran",Administrative,clay,tablet,62.0,17.0,38.0,,,,,,,,,,undetermined,,,,,,,,,,,0,,0,,0,,0,,,," ",0,0,,,0,0,0,0,,
8904,"NMI BK 03271","MDP 26, 216",Scheil1935MDP26,primary,216,,"Susa (mod. Shush)","Proto-Elamite (ca. 3100-2900 BC)",,"National Museum, Tehran, Iran",Administrative,clay,tablet,84.0,19.0,60.0,,,,,,,--,,--,undetermined,,,,,,,,,,,0,,0,,0,,0,,,," ",0,0,,,0,0,0,0,,
8908,"NMI BK 03275","MDP 26, 220",Scheil1935MDP26,primary,220,,"Susa (mod. Shush)","Proto-Elamite (ca. 3100-2900 BC)",,"National Museum, Tehran, Iran",Administrative,clay,tablet,57.0,15.0,36.0,,,,,,,,,,undetermined,,,,,,,,,,,0,,0,,0,,0,,,," ",0,0,,,0,0,0,0,,
8910,"NMI BK 03277","MDP 26, 222",Scheil1935MDP26,primary,222,,"Susa (mod. Shush)","Proto-Elamite (ca. 3100-2900 BC)",,"National Museum, Tehran, Iran",Administrative,clay,tablet,60.0,19.0,45.0,,,,,,,,,,undetermined,,,,,,,,,,,0,,0,,0,,0,,,," ",0,0,,,0,0,0,0,,
8916,"NMI BK 03283","MDP 26, 228",Scheil1935MDP26,primary,228,,"Susa (mod. Shush)","Proto-Elamite (ca. 3100-2900 BC)",,"National Museum, Tehran, Iran",Administrative,clay,tablet,121.0,32.0,93.0,,,,,,,,,,undetermined,,,,,,,,,,,0,,0,,0,,0,,,," ",0,0,,,0,0,0,0,,
8922,"NMI BK 03289","MDP 26, 234",Scheil1935MDP26,primary,234,,"Susa (mod. Shush)","Proto-Elamite (ca. 3100-2900 BC)",,"National Museum, Tehran, Iran",Administrative,clay,tablet,44.0,15.0,34.0,,,,,,,,,,undetermined,,,,,,,,,,,0,,0,,0,,0,,,," ",0,0,,,0,0,0,0,,
8955,"NMI BK 03322","MDP 26, 267",Scheil1935MDP26,primary,267,,"Susa (mod. Shush)","Proto-Elamite (ca. 3100-2900 BC)",,"National Museum, Tehran, Iran",Administrative,clay,tablet,44.0,14.0,29.0,,,,,,,,,,undetermined,,,,,,,,,,,0,,0,,0,,0,,,," ",0,0,,,0,0,0,0,,
8961,"NMI BK 03328","MDP 26, 273",Scheil1935MDP26,primary,273,,"Susa (mod. Shush)","Proto-Elamite (ca. 3100-2900 BC)",,"National Museum, Tehran, Iran",Administrative,clay,tablet,58.0,35.0,40.0,,,,,,,,,,undetermined,,,,,,,,,,,0,,0,,0,,0,,,," ",0,0,,,0,0,0,0,,
8968,"NMI BK 03335","MDP 26, 280",Scheil1935MDP26,primary,280,,"Susa (mod. Shush)","Proto-Elamite (ca. 3100-2900 BC)",,"National Museum, Tehran, Iran",Administrative,clay,tablet,65.0,25.0,62.0,,,,,,,,,,undetermined,,,,,,,,,,,0,,0,,0,,0,,,," ",0,0,,,0,0,0,0,,
8991,"NMI BK 03357","MDP 26, 303",Scheil1935MDP26,primary,303,,"Susa (mod. Shush)","Proto-Elamite (ca. 3100-2900 BC)",,"National Museum, Tehran, Iran",Administrative,clay,tablet,118.0,24.0,74.0,,,,,,,,,,undetermined,,,,,,,,,,,0,,0,,0,,0,,,," ",0,0,,,0,0,0,0,,
8993,"NMI BK 03359","MDP 26, 305",Scheil1935MDP26,primary,305,,"Susa (mod. Shush)","Proto-Elamite (ca. 3100-2900 BC)",,"National Museum, Tehran, Iran",Administrative,clay,tablet,57.0,16.0,40.0,,,,,,,,,,undetermined,,,,,,,,,,,0,,0,,0,,0,,,," ",0,0,,,0,0,0,0,,
8995,"NMI BK 03361","MDP 26, 307",Scheil1935MDP26,primary,307,,"Susa (mod. Shush)","Proto-Elamite (ca. 3100-2900 BC)",,"National Museum, Tehran, Iran",Administrative,clay,tablet,51.0,19.0,44.0,,,,,,,,,,undetermined,,,,,,,,,,,0,,0,,0,,0,,,," ",0,0,,,0,0,0,0,,
9004,"NMI BK 03370","MDP 26, 316",Scheil1935MDP26,primary,316,,"Susa (mod. Shush)","Proto-Elamite (ca. 3100-2900 BC)",,"National Museum, Tehran, Iran",Administrative,clay,tablet,46.0,15.0,44.0,,,,,,,,,,undetermined,,,,,,,,,,,0,,0,,0,,0,,,," ",0,0,,,0,0,0,0,,
9027,"NMI BK 03393","MDP 26, 339",Scheil1935MDP26,primary,339,,"Susa (mod. Shush)","Proto-Elamite (ca. 3100-2900 BC)",,"National Museum, Tehran, Iran",Administrative,clay,tablet,86.0,23.0,61.0,,,,,,,--,,--,undetermined,,,,,,,,,,,0,,0,,0,,0,,,," ",0,0,,,0,0,0,0,,
9042,"NMI BK 03408","MDP 26, 354",Scheil1935MDP26,primary,354,,"Susa (mod. Shush)","Proto-Elamite (ca. 3100-2900 BC)",,"National Museum, Tehran, Iran",Administrative,clay,tablet,55.0,16.0,40.0,,,,,,,,,,undetermined,,,,,,,,,,,0,,0,,0,,0,,,," ",0,0,,,0,0,0,0,,
9043,"NMI BK 03409","MDP 26, 355",Scheil1935MDP26,primary,355,,"Susa (mod. Shush)","Proto-Elamite (ca. 3100-2900 BC)",,"National Museum, Tehran, Iran",Administrative,clay,tablet,87.0,18.0,63.0,,,,,,,,,,undetermined,,,,,,,,,,,0,,0,,0,,0,,,," ",0,0,,,0,0,0,0,,
9077,"NMI BK 03443","MDP 26, 389",Scheil1935MDP26,primary,389,,"Susa (mod. Shush)","Proto-Elamite (ca. 3100-2900 BC)",,"National Museum, Tehran, Iran",Administrative,clay,tablet,76.0,20.0,45.0,,,,,,,,,,undetermined,,,,,,,,,,,0,,0,,0,,0,,,," ",0,0,,,0,0,0,0,,
9087,"NMI BK 03453","MDP 26, 399",Scheil1935MDP26,primary,399,,"Susa (mod. Shush)","Proto-Elamite (ca. 3100-2900 BC)",,"National Museum, Tehran, Iran",Administrative,clay,tablet,62.0,17.0,39.0,,,,,,,,,,undetermined,,,,,,,,,,,0,,0,,0,,0,,,," ",0,0,,,0,0,0,0,,
9130,"NMI BK 03496","MDP 26, 442",Scheil1935MDP26,primary,442,,"Susa (mod. Shush)","Proto-Elamite (ca. 3100-2900 BC)",,"National Museum, Tehran, Iran",Administrative,clay,tablet,,,,,,,,,,,,,undetermined,,,,,,,,,,,0,,0,,0,,0,,,," ",0,0,,,0,0,0,0,,
9153,"NMI BK 03519","MDP 26, 465",Scheil1935MDP26,primary,465,,"Susa (mod. Shush)","Proto-Elamite (ca. 3100-2900 BC)",,"National Museum, Tehran, Iran",Administrative,clay,tablet,79.0,19.0,62.0,,,,,,,,,,undetermined,,,,,,,,,,,0,,0,,0,,0,,,," ",0,0,,,0,0,0,0,,
9178,"Sb 15250","MDP 26S, 0259",Scheil1935MDP26,primary,"Supplément 259",,"Susa (mod. Shush)","Proto-Elamite (ca. 3100-2900 BC)",,"Louvre Museum, Paris, France",Administrative,clay,tablet,61.0,23.0,39.0,,,,,,,Fair,,fragment,undetermined,,,,,,,,,,,0,,0,,0,,0,,,," ",0,0,,,0,0,0,0,,
9203,"Sb 15273","MDP 26S, 4765",Scheil1935MDP26,primary,"Supplément 4765",,"Susa (mod. Shush)","Proto-Elamite (ca. 3100-2900 BC)",,"Louvre Museum, Paris, France",Administrative,clay,tablet,53.0,15.0,54.0,,,,,,,Excellent,,fragment,undetermined,,,,,,,,,,,0,,0,,0,,0,,,," ",0,0,,,0,0,0,0,,
9206,"Sb 15276","MDP 26S, 4768",Scheil1935MDP26,primary,"Supplément 4768",,"Susa (mod. Shush)","Proto-Elamite (ca. 3100-2900 BC)",,"Louvre Museum, Paris, France",Administrative,clay,tablet,31.0,13.0,33.0,,,,,,,Excellent,,50%,undetermined,,,,,,,,,,,0,,0,,0,,0,,,," ",0,0,,,0,0,0,0,,
9227,"Sb 15297","MDP 26S, 4790",Scheil1935MDP26,primary,"Supplément 4790",,"Susa (mod. Shush)","Proto-Elamite (ca. 3100-2900 BC)",,"Louvre Museum, Paris, France",Administrative,clay,tablet,69.0,15.0,47.0,,,,,,,Fair,,complete,undetermined,,,,,,,,,,,0,,0,,0,,0,,,," ",0,0,,,0,0,0,0,,
9243,"Sb 15311","MDP 26S, 4836",Scheil1935MDP26,primary,"Supplément 4836",,"Susa (mod. Shush)","Proto-Elamite (ca. 3100-2900 BC)",,"Louvre Museum, Paris, France",Administrative,clay,tablet,105.0,34.0,67.0,,,,,,,Good,,fragment,undetermined,,,,,,,,,,,0,,0,,0,,0,,,," ",0,0,,,0,0,0,0,,
9245,"Sb 15313","MDP 26S, 4838",Scheil1935MDP26,primary,"Supplément 4838",,"Susa (mod. Shush)","Proto-Elamite (ca. 3100-2900 BC)",,"Louvre Museum, Paris, France",Administrative,clay,tablet,48.0,17.0,47.0,,,,,,,Fair,,50%,undetermined,,,,,,,,,,,0,,0,,0,,0,,,," ",0,0,,,0,0,0,0,,
9283,"Sb 15350","MDP 26S, 5040",Scheil1935MDP26,primary,"Supplément 5040",,"Susa (mod. Shush)","Proto-Elamite (ca. 3100-2900 BC)",,"Louvre Museum, Paris, France",Administrative,clay,tablet,52.0,14.0,52.0,,,,,,,Good,,fragment,undetermined,,,,,,,,,,,0,,0,,0,,0,,,," ",0,0,,,0,0,0,0,,
9317,"Sb 15383","MDP 26S, 5217",Scheil1935MDP26,primary,"Supplément 5217",,"Susa (mod. Shush)","Proto-Elamite (ca. 3100-2900 BC)",,"Louvre Museum, Paris, France",Administrative,clay,tablet,54.0,19.0,65.0,,,,,,,Poor,,fragment,undetermined,,,,,,,,,,,0,,0,,0,,0,,,," ",0,0,,,0,0,0,0,,
9356,"Sb 15417","MDP 31, 016",deMecquenem1949MDP31,primary,16,,"Susa (mod. Shush)","Proto-Elamite (ca. 3100-2900 BC)",,"Louvre Museum, Paris, France",Administrative,clay,tablet,91.0,25.0,70.0,,,,,,,,,,undetermined,,,,,,,,,,,0,,0,,0,,0,,,," ",0,0,,,0,0,0,0,,
9359,"Sb 06323","MDP 31, 019",deMecquenem1949MDP31,primary,19,,"Susa (mod. Shush)","Proto-Elamite (ca. 3100-2900 BC)",,"Louvre Museum, Paris, France",Administrative,clay,tablet,68.0,21.0,35.0,,,,,,,Good,,75%,undetermined,,,,,,,,,,,0,,0,,0,,0,,,," ",0,0,,,0,0,0,0,,
9376,"Sb 15429","MDP 31, 037",deMecquenem1949MDP31,primary,37,,"Susa (mod. Shush)","Proto-Elamite (ca. 3100-2900 BC)",,"Louvre Museum, Paris, France",Administrative,clay,tablet,83.0,18.0,40.0,,,,,,,Fair,,complete,undetermined,,,,,,,,,,,0,,0,,0,,0,,,," ",0,0,,,0,0,0,0,,
9378,"Sb 06413","MDP 31, 039",deMecquenem1949MDP31,primary,39,,"Susa (mod. Shush)","Proto-Elamite (ca. 3100-2900 BC)",,"Louvre Museum, Paris, France",Administrative,clay,tablet,,,,,,,,,,,,,undetermined,,,,,,,,,,Acropole,0,,0,,0,,0,,,," ",0,0,,,0,0,0,0,,
9402,unknown,"CahDAFI 1, 43 01",Vallat1971CahDAFI1[1],primary,01,,"Susa (mod. Shush)","Proto-Elamite (ca. 3100-2900 BC)",,,Administrative,clay,tablet,,,,,,"S.ACR 1237.1",H-3,,"17A-16 (contact)",,,fragment,undetermined,,,,,,,,,,,0,,0,,0,,0,,,," ",0,0,,,0,0,0,0,,
9404,unknown,"CahDAFI 1, 43 03",Vallat1971CahDAFI1[1],primary,03,,"Susa (mod. Shush)","Proto-Elamite (ca. 3100-2900 BC)",,,Administrative,clay,tablet,,,,,,"S.ACR 1241.5",G-4,,"17A-16 (contact)",,,complete,undetermined,,,,,,,,,,,0,,0,,0,,0,,,," ",0,0,,,0,0,0,0,,
9456,"UM 73-08-002","UM 73-08-002",,,,,"Anšan (mod. Tell Malyan)","Proto-Elamite (ca. 3100-2900 BC)",,"Penn Museum, Philadelphia, Pennsylvania, USA",Administrative,clay,tablet,29.0,11.0,19.0,,,M-0626,"ABC C66",,2,,,,undetermined,,,,,,,,,,ABC,0,,0,,0,,0,,"Penn; eBL","521950; UM.73-8-2",""" Numerical and pictographic signs; 2x2 lines; 2.8x2.0x1.0cm""",0,0,,,0,0,0,0,,
9459,"NMI BK — ?","Kadmos 24, 006 fig. 2",sec2691,history,,,"Anšan (mod. Tell Malyan)","Proto-Elamite (ca. 3100-2900 BC)",,"National Museum, Tehran, Iran",Administrative,clay,tablet,90.0,,70.0,,,M-0632,"ABC C41",,2,,,,undetermined,,,,,,,,,,ABC,0,,0,,0,,0,,,," ",0,0,,,0,0,0,0,,
9460,"NMI BK — ?","Iran 14 pl. IIIh; Fourth Symposium 89ff. photo 1",Stolper1976-5854,primary,,,"Anšan (mod. Tell Malyan)","Proto-Elamite (ca. 3100-2900 BC)",,"National Museum, Tehran, Iran",Administrative,clay,tablet,56.0,14.0,46.0,,,M-1000,ABC-N90,,3,,,,undetermined,,,,,,,,,,ABC,0,,0,,0,,0,,,," ",0,0,,,0,0,0,0,,
9466,"NMI BK — ?","Iran 14 pl. IIId; Fourth Symposium 89ff. photo 2; Expedition 23 45 fig. 12","Stolper1976-5858; Stolper1985Proto-Elamite","primary; history","; p. 7 fig. 3","; ","Anšan (mod. Tell Malyan)","Proto-Elamite (ca. 3100-2900 BC)",,"National Museum, Tehran, Iran",Administrative,clay,tablet,78.0,24.0,60.0,,,M-1155,U166-64,,2,,,,undetermined,,,,,,,,,,TUV,0,,0,,0,,0,,,," ",0,0,,,0,0,0,0,,
9525,"NMI BK 00351","Yahya 01",Damerow1989Yahya,primary,01,,"uncertain (mod. Tepe Yahya)","Proto-Elamite (ca. 3100-2900 BC)",,"National Museum, Tehran, Iran",Administrative,clay,tablet,54.0,14.0,38.0,,,,,,,,,,undetermined,,,,,,,,,,,0,,0,,0,,0,,,," ",0,0,,,0,0,0,0,,
9527,"NMI BK 00349","Yahya 03",Damerow1989Yahya,primary,03,,"uncertain (mod. Tepe Yahya)","Proto-Elamite (ca. 3100-2900 BC)",,"National Museum, Tehran, Iran",Administrative,clay,tablet,52.0,16.0,36.0,,,,,,,,,,undetermined,,,,,,,,,,,0,,0,,0,,0,,,," ",0,0,,,0,0,0,0,,
9528,"NMI BK 00994","Yahya 04",Damerow1989Yahya,primary,04,,"uncertain (mod. Tepe Yahya)","Proto-Elamite (ca. 3100-2900 BC)",,"National Museum, Tehran, Iran",Administrative,clay,tablet,46.0,15.0,35.0,,,,,,,,,,undetermined,,,,,,,,,,,0,,0,,0,,0,,,," ",0,0,,,0,0,0,0,,
9531,"NMI BK 00341","Yahya 07",Damerow1989Yahya,primary,07,,"uncertain (mod. Tepe Yahya)","Proto-Elamite (ca. 3100-2900 BC)",,"National Museum, Tehran, Iran",Administrative,clay,tablet,51.0,16.0,36.0,,,,,,,,,,undetermined,,,,,,,,,,,0,,0,,0,,0,,,," ",0,0,,,0,0,0,0,,
9533,"NMI BK —","Yahya 09",Damerow1989Yahya,primary,09,,"uncertain (mod. Tepe Yahya)","Proto-Elamite (ca. 3100-2900 BC)",,"National Museum, Tehran, Iran",Administrative,clay,tablet,,,,,,,,,,,,,undetermined,,,,,,,,,,,0,,0,,0,,0,,,," ",0,0,,,0,0,0,0,,
9535,"NMI BK 04065","Yahya 11",Damerow1989Yahya,primary,11,,"uncertain (mod. Tepe Yahya)","Proto-Elamite (ca. 3100-2900 BC)",,"National Museum, Tehran, Iran",Administrative,clay,tablet,91.0,18.0,77.0,,,,,,,,,,undetermined,,,,,,,,,,,0,,0,,0,,0,,,," ",0,0,,,0,0,0,0,,
9538,"NMI BK 04064","Yahya 14",Damerow1989Yahya,primary,14,,"uncertain (mod. Tepe Yahya)","Proto-Elamite (ca. 3100-2900 BC)",,"National Museum, Tehran, Iran",Administrative,clay,tablet,66.0,16.0,43.0,,,,,,,,,,undetermined,,,,,,,,,,,0,,0,,0,,0,,,," ",0,0,,,0,0,0,0,,
9543,"NMI BK 02298","Yahya 19",Damerow1989Yahya,primary,19,,"uncertain (mod. Tepe Yahya)","Proto-Elamite (ca. 3100-2900 BC)",,"National Museum, Tehran, Iran",Administrative,clay,tablet,46.0,17.0,33.0,,,,,,,,,,undetermined,,,,,,,,,,,0,,0,,0,,0,,,," ",0,0,,,0,0,0,0,,
9546,"NMI BK —","Yahya 22",Damerow1989Yahya,primary,22,,"uncertain (mod. Tepe Yahya)","Proto-Elamite (ca. 3100-2900 BC)",,"National Museum, Tehran, Iran",Administrative,clay,tablet,,,,,,,,,,,,,undetermined,,,,,,,,,,,0,,0,,0,,0,,,," ",0,0,,,0,0,0,0,,
9547,"NMI BK 02293","Yahya 23",Damerow1989Yahya,primary,23,,"uncertain (mod. Tepe Yahya)","Proto-Elamite (ca. 3100-2900 BC)",,"National Museum, Tehran, Iran",Administrative,clay,tablet,41.0,11.0,31.0,,,,,,,,,,undetermined,,,,,,,,,,,0,,0,,0,,0,,,," ",0,0,,,0,0,0,0,,
272825,"Sb 02801","MDP 06, 5242",Scheil1905MDP6,primary,5242,,"Susa (mod. Shush)","Proto-Elamite (ca. 3100-2900 BC)",,"Louvre Museum, Paris, France",Administrative,clay,tablet,,,,,,,,,,,,,undetermined,,,,,,S999999,,"handcopy by kathryn Kelley",,,0,,0,,0,"seal with hairy triangle",0,,,," ",0,0,,,0,0,0,0,,
272827,"Sb 15231","MDP 06, 5000",Scheil1905MDP6,primary,5000,,"Susa (mod. Shush)","Proto-Elamite (ca. 3100-2900 BC)",,"Louvre Museum, Paris, France",Administrative,clay,tablet,,,,,,,,,,,,,undetermined,,,,,,,,,,,0,,0,,0,,0,,,," ",0,0,,,0,0,0,0,,
368482,"Sb 24409","TCL 32, 005",Dahl2019TCL32,primary,5,,"Susa (mod. Shush)","Proto-Elamite (ca. 3100-2900 BC)",,"Louvre Museum, Paris, France",,clay,tablet,70.0,17.0,41.0,,,,,,,,,,undetermined,,,,,,S999999,,,,,0,,0,,0,"faint seal on reverse",0,,,,,,0,,,0,0,0,0,,
368489,"Sb 24412","TCL 32, 012",Dahl2019TCL32,primary,12,,"Susa (mod. Shush)","Proto-Elamite (ca. 3100-2900 BC)",,"Louvre Museum, Paris, France",,clay,tablet,42.0,17.0,45.0,,,,,,,,,,undetermined,,,,,,,,,,,0,,0,,0,,0,,,,,,0,,,0,0,0,0,,
368543,"Sb 24454","TCL 32, 066",Dahl2019TCL32,primary,66,,"Susa (mod. Shush)","Proto-Elamite (ca. 3100-2900 BC)",,"Louvre Museum, Paris, France",,clay,tablet,58.0,25.0,38.0,,,,,,,,,,undetermined,,,,,,,,,,,0,,0,,0,,0,,,,,,0,,,0,0,0,0,,
368549,"Sb 24460","TCL 32, 072",Dahl2019TCL32,primary,72,,"Susa (mod. Shush)","Proto-Elamite (ca. 3100-2900 BC)",,"Louvre Museum, Paris, France",,clay,tablet,57.0,24.0,34.0,,,,,,,,,,undetermined,,,,,,,,,,,0,,0,,0,,0,,,,,,0,,,0,0,0,0,,
368556,"Sb 24467","TCL 32, 079",Dahl2019TCL32,primary,79,,"Susa (mod. Shush)","Proto-Elamite (ca. 3100-2900 BC)",,"Louvre Museum, Paris, France",,clay,tablet,35.0,10.0,33.0,,,,,,,,,,undetermined,,,,,,,,,,,0,,0,,0,,0,,,,,,0,,,0,0,0,0,,
368579,"Sb 24485","TCL 32, 098",Dahl2019TCL32,primary,98,,"Susa (mod. Shush)","Proto-Elamite (ca. 3100-2900 BC)",,"Louvre Museum, Paris, France",,clay,tablet,24.0,14.0,26.0,,,,,,,,,,undetermined,,,,,,,,,,,0,,0,,0,,0,,,,,,0,,,0,0,0,0,,
368601,"Sb 24504","TCL 32, 117",Dahl2019TCL32,primary,117,,"Susa (mod. Shush)","Proto-Elamite (ca. 3100-2900 BC)",,"Louvre Museum, Paris, France",,clay,tablet,43.0,19.0,44.0,,,,,,,,,,undetermined,,,,,,,,,,,0,,0,,0,,0,,,,,,0,,,0,0,0,0,,
368604,"Sb 24505","TCL 32, 119",Dahl2019TCL32,primary,119,,"Susa (mod. Shush)","Proto-Elamite (ca. 3100-2900 BC)",,"Louvre Museum, Paris, France",,clay,tablet,55.0,18.0,27.0,,,,,,,,,,undetermined,,,,,,,,,,,0,,0,,0,,0,,,,,,0,,,0,0,0,0,,
